coin,TRX TON LTC APT NEAR LINK UNI AVAX DOT ADA SUI
ngay,30

phuong_an,h4_h1,kiet_suc,funding,lenh,thang_pct,ky_vong_R,loi_lo

gio,coin,huong,setup,vao,sl,tp1,tp2,ket_qua,loi_lo,R
18:05 27/09/2026,LINK,LONG,Hội tụ EMA + VWAP,14.317,13.601077892325316,14.401223244675725,14.488,Chưa đóng,-4.96,-0.10
13:05 27/09/2026,DOT,LONG,Hồi VWAP — long,1.238,1.1760996595481275,1.2839303994895055,1.295161353524045,Chưa đóng,9.69,0.19
10:35 27/09/2026,UNI,LONG,Pullback EMA 9/21 mua,9.744,9.256765542779185,9.915861953568951,10,TP2,21.95,0.44
09:35 27/09/2026,ADA,SHORT,Pullback EMA 9/21 bán,0.2529,0.2655451025517817,0.24944041666739836,0.2478,Chưa đóng,-23.33,-0.47
09:05 27/09/2026,APT,LONG,Hồi VWAP — long,0.8515,0.8089247055918392,0.870425091505357,0.8715250915053571,TP2,23.52,0.47
08:05 27/09/2026,APT,LONG,Hồi VWAP — long,0.8464,0.8040798395219515,0.870425091505357,0.8715250915053571,TP2,29.68,0.59
08:05 27/09/2026,SUI,LONG,Pullback EMA 9/21 mua,1.1632,1.1050334108887856,1.176819642248235,1.1827196422482347,TP2,14.24,0.28
07:35 27/09/2026,LTC,LONG,Hội tụ EMA + VWAP,72.27,68.656499963865,72.91552387829856,73.42,Chưa đóng,-6.23,-0.12
20:35 26/09/2026,APT,LONG,Hội tụ EMA + VWAP,0.8561,0.8132947126909116,0.8694145202961764,0.8719783621391264,TP2,18.55,0.37
19:05 26/09/2026,APT,LONG,Hội tụ EMA + VWAP,0.8539,0.8112047331972777,0.8694145202961764,0.8720140053805976,TP2,21.21,0.42
04:35 26/09/2026,LINK,LONG,Hồi VWAP — long,13.81,13.119487639828753,14.016946314958478,14.04665186306936,TP2,16.06,0.32
00:35 26/09/2026,APT,LONG,Hồi VWAP — long,0.8313,0.7897348216438197,0.8475168520615716,0.8572,TP2,25.33,0.51
00:35 26/09/2026,DOT,LONG,Hồi VWAP — long,1.173,1.1143496615875474,1.1934054735127055,1.204,TP2,21.91,0.44
00:05 26/09/2026,UNI,LONG,Hồi VWAP — long,9.578,9.099072796934866,9.815118026030557,9.925,TP1,12.38,0.25
09:05 25/09/2026,DOT,SHORT,Pullback EMA 9/21 bán,1.157,1.214850283466389,1.106863232371752,1.0985413959385837,SL,-50.00,-1.00
08:05 25/09/2026,LTC,LONG,Hồi VWAP — long,71.56,67.9819264348075,73.32299746039152,73.95431184345743,TP1,18.68,0.37
06:35 25/09/2026,DOT,SHORT,Pullback EMA 9/21 bán,1.157,1.214850283466389,1.1067506871315829,1.098683041780013,SL,-50.00,-1.00
22:05 24/09/2026,UNI,SHORT,Hồi VWAP — short,9.135,9.591787867714233,8.936139835424614,8.906538229261105,SL,-50.00,-1.00
14:05 24/09/2026,ADA,LONG,Hội tụ EMA + VWAP,0.2403,0.2282848128033835,0.24169002805996445,0.2437,TP1,2.89,0.06
20:35 22/09/2026,DOT,SHORT,Hồi VWAP — short,1.173,1.2316503384124526,1.1656757258563752,1.155,TP2,10.79,0.22
19:05 22/09/2026,DOT,SHORT,Pullback EMA 9/21 bán,1.163,1.2211503535541497,1.0922287942520568,1.072,SL,-50.00,-1.00
18:35 22/09/2026,AVAX,LONG,Hồi VWAP — long,10.961,10.412934670612737,11.27167617015489,11.382,TP2,33.38,0.67
17:35 22/09/2026,AVAX,LONG,Pullback EMA 9/21 mua,10.909,10.36350578223871,11.268351260166805,11.382,TP2,38.15,0.76
17:05 22/09/2026,DOT,SHORT,Pullback EMA 9/21 bán,1.166,1.2243001993866818,1.0920502399637533,1.072,SL,-50.00,-1.00
16:35 22/09/2026,AVAX,LONG,Hồi VWAP — long,10.924,10.3777906925934,11.265362895564252,11.382,TP2,36.59,0.73
09:05 22/09/2026,UNI,SHORT,Hồi VWAP — short,9.095,9.54975216007276,8.838914412577612,8.795914412577613,TP2,30.52,0.61
07:35 22/09/2026,UNI,SHORT,Hồi VWAP — short,9.187,9.64638993017273,8.83383742523794,8.79083742523794,TP2,40.78,0.82
06:35 22/09/2026,AVAX,SHORT,Hồi VWAP — short,11.219,11.779978346235835,11.032449344377866,10.901449344377866,TP2,22.47,0.45
05:35 22/09/2026,NEAR,LONG,Hồi VWAP — long,4.214,4.003296249473241,4.2998957586705355,4.329392131579912,TP2,23.88,0.48
02:05 22/09/2026,DOT,SHORT,Hồi VWAP — short,1.168,1.2264002990095308,1.1177236762875091,1.098,Chưa đóng,-8.56,-0.17
01:05 22/09/2026,LINK,LONG,Hồi VWAP — long,12.887,12.24258706018817,13.070249021037432,13.172,TP2,18.17,0.36
22:05 21/09/2026,UNI,SHORT,Pullback EMA 9/21 bán,8.914,9.35971224817258,8.751863202896237,8.724863202896236,TP2,21.22,0.42
20:05 20/09/2026,LINK,SHORT,Hồi VWAP — short,12.109,12.714473480261564,12.00068168513551,11.96868168513551,SL,-50.00,-1.00
20:05 20/09/2026,ADA,SHORT,Hồi VWAP — short,0.222,0.2331000111000111,0.2203751714755047,0.2198751714755047,SL,-50.00,-1.00
18:05 20/09/2026,ADA,SHORT,Pullback EMA 9/21 bán,0.2199,0.2308950522264981,0.19361720805956797,0.1903,SL,-50.00,-1.00
16:05 20/09/2026,DOT,SHORT,Hồi VWAP — short,1.09,1.144500070850092,1.0812201051957901,1.08,SL,-50.00,-1.00
11:35 20/09/2026,APT,LONG,Hồi VWAP — long,0.728,0.6915998311032163,0.7294590816882233,0.739,TP1,1.00,0.02
09:05 20/09/2026,APT,LONG,Hồi VWAP — long,0.731,0.6944497580373982,0.7420250296502471,0.752,TP1,7.54,0.15
03:05 20/09/2026,LINK,LONG,Hồi VWAP — long,12.491,11.866390381011866,12.546231012195225,12.615,TP1,2.21,0.04
23:35 19/09/2026,APT,LONG,Pullback EMA 9/21 mua,0.742,0.7048997551383839,0.7644702060597844,0.7654762074419607,Chưa đóng,12.13,0.24
22:05 17/09/2026,LINK,LONG,Hội tụ EMA + VWAP,11.26,10.696936936936936,11.832115087727633,11.967,TP2,56.79,1.14
21:05 17/09/2026,APT,LONG,Pullback EMA 9/21 mua,0.58,0.5509998665993863,0.5999096823858008,0.6039096823858008,TP2,37.78,0.76
21:05 17/09/2026,LINK,LONG,Pullback EMA 9/21 mua,11.305,10.739708875070662,11.832115087727633,11.967,TP2,52.59,1.05
19:05 17/09/2026,LINK,LONG,Hồi VWAP — long,11.21,10.649461883408073,11.832115087727633,11.967,TP2,61.51,1.23
19:05 17/09/2026,SUI,LONG,Hồi VWAP — long,0.7223,0.6861832707310027,0.738778793964969,0.748,TP2,29.20,0.58
17:05 17/09/2026,LINK,LONG,Hồi VWAP — long,11.138,10.581083092002673,11.833670094475911,11.967,TP1,64.67,1.29
13:05 17/09/2026,LINK,LONG,Hội tụ EMA + VWAP,11.153,10.595337720276602,11.82937933251252,11.967,Chưa đóng,53.89,1.08
11:35 17/09/2026,LINK,LONG,Hội tụ EMA + VWAP,11.111,10.555444444444445,11.82937933251252,11.967,Chưa đóng,53.91,1.08
09:35 17/09/2026,LINK,LONG,Hồi VWAP — long,11.133,10.57633110665776,11.82678928116733,11.967,Chưa đóng,39.97,0.80
09:05 17/09/2026,AVAX,SHORT,Hồi VWAP — short,7.505,7.880262683878715,7.375606904849694,7.33,Chưa đóng,-24.92,-0.50
07:35 17/09/2026,AVAX,SHORT,Hồi VWAP — short,7.52,7.896024667218169,7.270905564411246,7.250905564411245,Chưa đóng,-10.11,-0.20
06:05 17/09/2026,DOT,LONG,Pullback EMA 9/21 mua,1.001,0.9509499499499499,1.010448656608194,1.016,TP2,12.21,0.24
20:35 16/09/2026,LTC,SHORT,Hội tụ EMA + VWAP,50.71,53.24562553882043,50.36900000000001,49.857500000000016,TP1,3.36,0.07
00:35 16/09/2026,APT,SHORT,Hồi VWAP — short,0.575,0.6037500071875017,0.5696195184494763,0.5656195184494764,TP1,4.68,0.09
23:35 15/09/2026,AVAX,SHORT,Pullback EMA 9/21 bán,7.434,7.805719574752807,7.379281889242325,7.364968461727175,TP2,9.29,0.19
20:35 15/09/2026,TRX,SHORT,Hồi VWAP — short,0.3378,0.3546901800493193,0.3360608,0.33345199999999997,TP2,9.01,0.18
08:35 15/09/2026,LINK,LONG,Hồi VWAP — long,11.587,11.007625724217844,11.907057852577015,11.967,SL,-50.00,-1.00
08:35 15/09/2026,ADA,LONG,Hồi VWAP — long,0.2083,0.19788485220905286,0.21144048438120405,0.2127,SL,-50.00,-1.00
03:35 15/09/2026,TRX,SHORT,Pullback EMA 9/21 bán,0.3406,0.3576305528117443,0.3401699797657209,0.3396817103799268,TP2,1.98,0.04
22:35 14/09/2026,NEAR,LONG,Hồi VWAP — long,2.396,2.2761821231727772,2.406723148460906,2.417041561564121,TP1,2.24,0.04
14:05 14/09/2026,TRX,LONG,Hội tụ EMA + VWAP,0.3395,0.32252495331862163,0.341124742485237,0.3415,TP2,5.34,0.11
13:05 14/09/2026,TRX,LONG,Hồi VWAP — long,0.3393,0.3223347448425624,0.341112799599486,0.3415,TP2,5.91,0.12
12:05 14/09/2026,TRX,LONG,Hồi VWAP — long,0.3389,0.32195486833632697,0.3408337841840618,0.3412,TP2,6.25,0.12
11:05 14/09/2026,TRX,LONG,Hồi VWAP — long,0.3388,0.32185946129086906,0.34112253681360505,0.3415,TP2,7.41,0.15
08:05 14/09/2026,ADA,LONG,Hồi VWAP — long,0.2043,0.194084869348479,0.2062,0.20698112986367462,TP2,13.12,0.26
05:05 14/09/2026,LTC,SHORT,Hồi VWAP — short,54.09,56.79460323470547,53.81,53.62649768429381,TP2,8.57,0.17
22:05 13/09/2026,TRX,LONG,Hội tụ EMA + VWAP,0.3411,0.3240444671851549,0.34330117508328795,0.3442,Chưa đóng,-1.17,-0.02
21:05 13/09/2026,TRX,LONG,Hội tụ EMA + VWAP,0.3411,0.3240444671851549,0.34330117508328795,0.3442,Chưa đóng,-0.59,-0.01
20:05 13/09/2026,TRX,LONG,Hội tụ EMA + VWAP,0.341,0.3239497016197784,0.34330117508328795,0.3442,Chưa đóng,-2.05,-0.04
18:35 13/09/2026,TRX,LONG,Hội tụ BREAKOUT + EMA + VWAP,0.3409,0.3238549328424354,0.343274342397387,0.3442,Chưa đóng,-2.35,-0.05
17:35 13/09/2026,TRX,LONG,Hội tụ EMA + VWAP,0.3403,0.3232845159094776,0.343274342397387,0.3442,Chưa đóng,0.59,0.01
16:35 13/09/2026,TRX,LONG,Hồi VWAP — long,0.34,0.3229995579885077,0.343274342397387,0.3442,Chưa đóng,0.59,0.01
11:35 13/09/2026,ADA,SHORT,Hội tụ EMA + VWAP,0.2071,0.21745518276897588,0.20284843873818695,0.2004,TP1,10.26,0.21
10:35 13/09/2026,LINK,SHORT,Hồi VWAP — short,11.485,12.059250602963132,11.3748068551044,11.253,TP2,14.90,0.30
10:35 13/09/2026,ADA,SHORT,Hồi VWAP — short,0.2069,0.2172451129686336,0.2029352417180475,0.2004,TP1,9.58,0.19
03:35 13/09/2026,UNI,LONG,Hồi VWAP — long,6.349,6.031539682539683,6.414033038729122,6.422795134311418,TP2,11.62,0.23
00:35 13/09/2026,AVAX,SHORT,Pullback EMA 9/21 bán,7.406,7.776315508813509,7.353518570881227,7.276,TP1,3.54,0.07
00:35 13/09/2026,SUI,SHORT,Hồi VWAP — short,0.7251,0.7613555289681676,0.7174203258520485,0.7072,TP2,17.64,0.35
00:05 13/09/2026,TRX,LONG,Pullback EMA 9/21 mua,0.3404,0.32337988222078495,0.34316823999642937,0.34369027321174167,Chưa đóng,2.64,0.05
22:35 12/09/2026,LINK,LONG,Hội tụ EMA + VWAP,11.607,11.026616947185142,12.07822614455782,12.217,Chưa đóng,-29.38,-0.59
21:35 12/09/2026,AVAX,SHORT,Hội tụ EMA + VWAP,7.433,7.804664312792686,7.356435384025937,7.276,TP1,6.36,0.13
21:05 12/09/2026,LINK,LONG,Hồi VWAP — long,11.567,10.98863100057837,12.07822614455782,12.217,Chưa đóng,-19.88,-0.40
20:05 12/09/2026,LINK,LONG,Hồi VWAP — long,11.549,10.971499422499422,12.07822614455782,12.217,Chưa đóng,-25.80,-0.52
19:05 12/09/2026,ADA,LONG,Hội tụ EMA + VWAP,0.2093,0.1988349323956633,0.21227967989334443,0.21337967989334441,Chưa đóng,-23.41,-0.47
18:05 12/09/2026,TRX,LONG,Breakout + retest lên,0.3401,0.323094932489882,0.34358861401655727,0.3442,Chưa đóng,0.59,0.01
18:05 12/09/2026,ADA,LONG,Hội tụ EMA + VWAP,0.2087,0.19826485442971928,0.2121269629620632,0.2132269629620632,Chưa đóng,-22.52,-0.45
12:05 12/09/2026,LINK,SHORT,Hội tụ EMA + VWAP,11.511,12.086572694831357,11.40651494477318,11.253,Chưa đóng,0.09,0.00
11:05 12/09/2026,LINK,SHORT,Hội tụ EMA + VWAP,11.505,12.080307789667472,11.40651494477318,11.253,Chưa đóng,1.30,0.03
10:35 12/09/2026,ADA,LONG,Hồi VWAP — long,0.209,0.19854980562638463,0.21180165526961178,0.21290165526961177,Chưa đóng,-10.05,-0.20
10:05 12/09/2026,NEAR,LONG,Hồi VWAP — long,2.37,2.2514885043849255,2.468816022028204,2.4867986880789386,Chưa đóng,-5.06,-0.10
09:05 12/09/2026,NEAR,LONG,Hồi VWAP — long,2.359,2.2410476527482897,2.468816022028204,2.4858255102388567,Chưa đóng,3.39,0.07
09:05 12/09/2026,ADA,LONG,Hội tụ EMA + VWAP,0.2079,0.1975049896049896,0.21180165526961178,0.21290165526961177,Chưa đóng,0.00,0.00
08:05 12/09/2026,NEAR,LONG,Hồi VWAP — long,2.354,2.2362975517890775,2.468816022028204,2.484354395641846,Chưa đóng,5.10,0.10
06:35 12/09/2026,TRX,LONG,Hội tụ EMA + VWAP,0.3384,0.3214795262267343,0.3391,0.33972981413018727,TP2,3.00,0.06
05:05 12/09/2026,TRX,LONG,Hội tụ EMA + VWAP,0.3382,0.3212898268398268,0.33857831375986763,0.3391,TP2,1.89,0.04
04:35 12/09/2026,LINK,SHORT,Pullback EMA 9/21 bán,11.607,12.187383052814857,11.508,11.421756089796114,TP1,4.26,0.09
03:05 12/09/2026,LINK,SHORT,Pullback EMA 9/21 bán,11.635,12.216801256690715,11.603422404334752,11.508,TP1,1.36,0.03
02:05 12/09/2026,LTC,LONG,Hồi VWAP — long,53.2,50.539859544583955,53.975864860303034,54.174979773264475,TP2,16.45,0.33
01:05 12/09/2026,LINK,SHORT,Hồi VWAP — short,11.605,12.185315691736305,11.50069255177285,11.4,TP1,4.49,0.09
00:35 12/09/2026,SUI,SHORT,Hồi VWAP — short,0.7337,0.7703864773644434,0.714812600648092,0.7072,Chưa đóng,11.72,0.23
23:35 11/09/2026,UNI,SHORT,Hồi VWAP — short,6.123,6.429166187006308,6.014297627582462,5.948460880099295,TP2,23.13,0.46
16:05 11/09/2026,UNI,SHORT,Hồi VWAP — short,6.08,6.384006809752538,5.98359934624199,5.931552559168413,TP2,20.14,0.40
07:35 11/09/2026,TRX,LONG,Hội tụ EMA + VWAP,0.3407,0.32366480528772446,0.3426391,0.34554774999999993,Chưa đóng,-5.28,-0.11
07:35 11/09/2026,LTC,SHORT,Hồi VWAP — short,52.41,55.03054507337526,52.195609310958005,51.91985418657602,TP1,2.05,0.04
05:35 11/09/2026,LTC,SHORT,Hồi VWAP — short,52.38,54.99903514745168,51.90298769567396,51.65,Chưa đóng,-12.79,-0.26
04:35 11/09/2026,LTC,SHORT,Hồi VWAP — short,52.33,54.94656810926788,51.90721751841811,51.65,Chưa đóng,-20.06,-0.40
04:05 11/09/2026,DOT,LONG,Pullback EMA 9/21 mua,1.11,1.0544999444999446,1.2619341839063671,1.284,SL,-50.00,-1.00
02:35 11/09/2026,DOT,LONG,Hội tụ EMA + VWAP,1.102,1.046899938287931,1.2618021980530107,1.284,SL,-50.00,-1.00
00:35 11/09/2026,LTC,SHORT,Hồi VWAP — short,52.3,54.91506276150627,51.90468420880047,51.62,Chưa đóng,-28.68,-0.57
19:35 10/09/2026,UNI,SHORT,Pullback EMA 9/21 bán,5.98,6.279007295778017,5.896943000000001,5.772357500000002,TP1,6.94,0.14
13:05 10/09/2026,UNI,SHORT,Pullback EMA 9/21 bán,6.081,6.385062271953297,6.003984836920917,5.939,TP2,18.01,0.36
15:35 09/09/2026,UNI,SHORT,Pullback EMA 9/21 bán,6.846,7.188301636201821,6.727470305265792,6.669,TP2,21.58,0.43
09:35 09/09/2026,LTC,SHORT,Hội tụ EMA + VWAP,54.13,56.836506441485334,53.44,53.025999999999996,TP1,6.37,0.13
06:35 09/09/2026,APT,LONG,Hồi VWAP — long,0.651,0.6184498239035473,0.6556466366277375,0.6586466366277375,TP2,9.44,0.19
02:35 09/09/2026,ADA,SHORT,Hồi VWAP — short,0.2214,0.232470029003476,0.21789958732317372,0.21703307957627144,TP2,17.77,0.36
18:05 08/09/2026,LTC,SHORT,Hồi VWAP — short,55.31,58.07563969246087,54.92,54.59744041739137,TP2,9.97,0.20
15:35 08/09/2026,LINK,LONG,Hồi VWAP — long,12.69,12.055482233502538,13.509939088974248,13.685,Chưa đóng,-16.00,-0.32
12:05 08/09/2026,TRX,LONG,Hội tụ BREAKOUT + EMA + VWAP,0.3359,0.31910456835740675,0.3365264208854409,0.337,TP2,2.57,0.05
08:35 08/09/2026,LTC,LONG,Hội tụ EMA + VWAP,55.65,52.86743001836496,58.72966377627983,59.04178262190046,Chưa đóng,-24.08,-0.48
08:35 08/09/2026,LINK,LONG,Hồi VWAP — long,12.771,12.132430395913156,13.238156793498883,13.334,Chưa đóng,-20.51,-0.41
07:35 08/09/2026,LTC,LONG,Hồi VWAP — long,55.51,52.73438103697124,58.72966377627983,59.02357359281588,Chưa đóng,-20.36,-0.41
07:35 08/09/2026,LINK,LONG,Hồi VWAP — long,12.772,12.13334883126836,13.23302654684495,13.334,Chưa đóng,-20.98,-0.42
01:35 08/09/2026,APT,LONG,Hồi VWAP — long,0.634,0.6022998579833638,0.6436122300528392,0.65,TP2,20.20,0.40
20:35 07/09/2026,NEAR,LONG,Pullback EMA 9/21 mua,2.378,2.2590939357907254,2.4172489557320307,2.4439823421223106,SL,-50.00,-1.00
17:35 07/09/2026,TRX,LONG,Hội tụ EMA + VWAP,0.337,0.3201496646783271,0.33803630000000007,0.33959075000000016,TP1,3.17,0.06
16:35 07/09/2026,TRX,LONG,Hội tụ EMA + VWAP,0.3368,0.3199598800983463,0.3376363,0.33889075,TP2,4.35,0.09
11:05 07/09/2026,TRX,LONG,Hội tụ EMA + VWAP,0.3359,0.31910456835740675,0.3373348,0.339487,TP1,2.14,0.04
11:05 07/09/2026,LINK,LONG,Pullback EMA 9/21 mua,13.071,12.41740522875817,13.211081638696697,13.234081638696697,TP1,5.36,0.11
09:35 07/09/2026,TRX,LONG,Hồi VWAP — long,0.3354,0.31862991782659733,0.3363348,0.337737,TP1,1.39,0.03
08:05 07/09/2026,ADA,SHORT,Hồi VWAP — short,0.2224,0.23352000711680454,0.21831873258162168,0.2167927498743674,TP2,21.78,0.44
04:05 07/09/2026,UNI,LONG,Pullback EMA 9/21 mua,7.116,6.76017876458867,7.319175840849132,7.344022629506505,TP2,32.04,0.64
02:05 07/09/2026,APT,SHORT,Pullback EMA 9/21 bán,0.614,0.6447000847322338,0.6098231218078396,0.605,SL,-50.00,-1.00
21:35 06/09/2026,TRX,LONG,Hội tụ EMA + VWAP,0.3353,0.3185349785407725,0.3371338,0.3398845,TP1,2.73,0.05
21:05 06/09/2026,LTC,LONG,Hội tụ EMA + VWAP,54.51,51.78446170618697,54.78104898358488,54.85898380906643,TP1,2.49,0.05
20:35 06/09/2026,TRX,LONG,Hội tụ EMA + VWAP,0.3353,0.3185349785407725,0.3371338,0.3398845,TP1,2.73,0.05
20:05 06/09/2026,UNI,LONG,Pullback EMA 9/21 mua,7.019,6.668048922580192,7.1748924417727595,7.251,TP2,33.05,0.66
19:35 06/09/2026,TRX,LONG,Hội tụ EMA + VWAP,0.3353,0.3185349785407725,0.3371338,0.3398845,TP1,3.18,0.06
18:35 06/09/2026,TRX,LONG,Hội tụ EMA + VWAP,0.3351,0.3183445293388291,0.3367338,0.33918450000000006,TP1,4.38,0.09
17:35 06/09/2026,SUI,LONG,Hội tụ EMA + VWAP,0.7995,0.7595223874630207,0.8075508926527271,0.813,TP2,13.48,0.27
16:05 06/09/2026,LTC,LONG,Hồi VWAP — long,54.35,51.6324610033154,54.774937366937564,54.85453772661306,TP1,3.91,0.08
15:35 06/09/2026,TRX,LONG,Hồi VWAP — long,0.3339,0.3172049517513105,0.3345,0.33486000000000005,TP2,2.88,0.06
13:35 06/09/2026,AVAX,LONG,Pullback EMA 9/21 mua,7.659,7.27603431372549,7.711073326147696,7.741,TP1,3.40,0.07
06:35 06/09/2026,SUI,LONG,Hồi VWAP — long,0.7955,0.755722752585521,0.8015328269453114,0.8072,TP2,11.15,0.22
04:35 06/09/2026,TRX,LONG,Pullback EMA 9/21 mua,0.3347,0.317964718679921,0.3359338,0.33778450000000004,TP1,3.93,0.08
00:35 06/09/2026,NEAR,LONG,Hồi VWAP — long,2.23,2.118492417484389,2.2610408026420057,2.288,TP1,6.96,0.14
22:05 05/09/2026,TRX,LONG,Hội tụ EMA + VWAP,0.3332,0.3165399973343996,0.3349318,0.33752950000000004,TP1,5.60,0.11
20:35 05/09/2026,TRX,LONG,Hội tụ EMA + VWAP,0.3333,0.31663499983335,0.3351318,0.3378795,TP1,5.75,0.11
19:05 05/09/2026,TRX,LONG,Hội tụ EMA + VWAP,0.3333,0.31663499983335,0.3351318,0.3378795,TP1,5.15,0.10
17:05 05/09/2026,APT,LONG,Pullback EMA 9/21 mua,0.602,0.5718998266230013,0.6076355735731781,0.612,TP1,4.68,0.09
13:35 05/09/2026,TRX,LONG,Hội tụ BREAKOUT + EMA + VWAP,0.3324,0.3157798696981784,0.3340310999999999,0.3364777499999998,TP1,4.26,0.09
12:05 05/09/2026,TRX,LONG,Pullback EMA 9/21 mua,0.3317,0.31511460178458883,0.33263109999999996,0.3340277499999999,TP2,4.91,0.10
10:05 05/09/2026,TRX,LONG,Hội tụ EMA + VWAP,0.3319,0.31530469315277637,0.3330310999999999,0.3347277499999998,TP1,1.70,0.03
09:05 05/09/2026,TRX,LONG,Hội tụ EMA + VWAP,0.332,0.31539973439575036,0.3332311,0.33507774999999995,TP1,1.85,0.04
08:05 05/09/2026,TRX,LONG,Hội tụ EMA + VWAP,0.3317,0.31511460178458883,0.33263109999999996,0.3340277499999999,TP2,4.91,0.10
08:05 05/09/2026,APT,LONG,Hồi VWAP — long,0.586,0.5566999203037832,0.5958071787841819,0.6,TP2,23.89,0.48
21:35 04/09/2026,UNI,SHORT,Hồi VWAP — short,6.25,6.5625,5.845668873723137,5.782668873723137,Chưa đóng,-15.84,-0.32
17:35 04/09/2026,SUI,LONG,Hội tụ EMA + VWAP,0.7755,0.736722273925857,0.7860844442313364,0.7907016914642735,TP2,16.62,0.33
16:35 04/09/2026,APT,LONG,Hồi VWAP — long,0.598,0.5680999856479931,0.6095386342360619,0.614,TP1,9.65,0.19
16:35 04/09/2026,AVAX,LONG,Hội tụ EMA + VWAP,7.513,7.137342599549211,7.578,7.617000000000001,Chưa đóng,-2.40,-0.05
09:35 04/09/2026,AVAX,LONG,Hồi VWAP — long,7.504,7.128793636500075,7.546804417832653,7.578,Chưa đóng,-14.26,-0.29
10:35 03/09/2026,DOT,SHORT,Hồi VWAP — short,0.874,0.9177001817927563,0.862943091076636,0.860943091076636,Chưa đóng,-4.58,-0.09
03:35 03/09/2026,LINK,SHORT,Hồi VWAP — short,11.134,11.690730876294399,11.027224599267763,10.97158267493195,TP1,4.79,0.10
09:05 02/09/2026,APT,LONG,Hồi VWAP — long,0.542,0.5148998758814316,0.5594141625923517,0.5614150455363228,TP2,33.98,0.68
06:05 02/09/2026,TRX,SHORT,Pullback EMA 9/21 bán,0.3225,0.33862539104073275,0.320676,0.31794,Chưa đóng,-7.75,-0.16
22:05 01/09/2026,LINK,SHORT,Hồi VWAP — short,11.356,11.92385917092561,11.109218456352279,10.992,TP2,26.89,0.54
22:05 01/09/2026,UNI,LONG,Hồi VWAP — long,5.701,5.415937286202964,5.843625351089978,5.886625351089978,TP2,28.79,0.58
21:05 01/09/2026,UNI,LONG,Hồi VWAP — long,5.711,5.425448886350657,5.84176960886613,5.88476960886613,TP2,26.66,0.53
20:05 01/09/2026,UNI,LONG,Hồi VWAP — long,5.692,5.407391621129326,5.8415057326250635,5.884505732625064,TP2,30.04,0.60
19:35 01/09/2026,AVAX,LONG,Pullback EMA 9/21 mua,7.258,6.8950762865645645,7.303892064915221,7.336,TP2,8.53,0.17
19:05 01/09/2026,ADA,SHORT,Hồi VWAP — short,0.1995,0.20947506234413965,0.19735951033529253,0.1961,TP1,5.36,0.11
10:35 01/09/2026,SUI,LONG,Hồi VWAP — long,0.7354,0.6986298867480513,0.74,0.7493,Chưa đóng,-13.60,-0.27
10:05 01/09/2026,AVAX,SHORT,Hồi VWAP — short,7.251,7.613555289681677,7.159615911664736,7.13,TP1,6.30,0.13
09:05 01/09/2026,APT,LONG,Pullback EMA 9/21 mua,0.535,0.5082498729368965,0.5431968713299786,0.55,TP1,7.66,0.15
09:05 01/09/2026,AVAX,SHORT,Hồi VWAP — short,7.247,7.60937135816785,7.159820981792793,7.13,TP1,6.01,0.12
08:35 01/09/2026,SUI,LONG,Hội tụ EMA + VWAP,0.7322,0.6955887383759244,0.74,0.7493,Chưa đóng,-27.31,-0.55
17:35 31/08/2026,LINK,LONG,Pullback EMA 9/21 mua,11.31,10.74445311616333,11.41,11.52,TP1,4.42,0.09
17:35 31/08/2026,AVAX,LONG,Pullback EMA 9/21 mua,7.212,6.851379733141003,7.401823638322801,7.435812943549993,Chưa đóng,10.26,0.21
17:05 31/08/2026,NEAR,LONG,Hội tụ EMA + VWAP,1.849,1.7565443786982249,1.8703840610225786,1.899,TP1,5.78,0.12
17:05 31/08/2026,UNI,LONG,Hồi VWAP — long,5.122,4.865891819904728,5.388296242010543,5.434340750747727,TP2,56.48,1.13
16:05 31/08/2026,LINK,LONG,Pullback EMA 9/21 mua,11.309,10.743517077584256,11.41,11.52,TP1,4.47,0.09
16:05 31/08/2026,UNI,LONG,Pullback EMA 9/21 mua,5.194,4.934286723457303,5.388296242010543,5.434855423882167,TP2,41.89,0.84
14:05 31/08/2026,UNI,LONG,Hội tụ EMA + VWAP,5.133,4.876339664288281,5.385353645242123,5.431521970892927,TP2,53.66,1.07
13:05 31/08/2026,UNI,LONG,Hồi VWAP — long,5.127,4.870642329778507,5.385353645242123,5.429535199423152,TP2,54.70,1.09
22:35 30/08/2026,NEAR,SHORT,Pullback EMA 9/21 bán,1.882,1.9761087897609635,1.8563371821544883,1.846,TP2,16.38,0.33
19:05 30/08/2026,ADA,LONG,Hồi VWAP — long,0.2027,0.19256479638375934,0.20925104087819354,0.2116,SL,-50.00,-1.00
16:05 30/08/2026,AVAX,LONG,Hội tụ EMA + VWAP,7.332,6.965377328053966,7.42125,7.555124999999999,TP1,6.09,0.12
11:05 30/08/2026,TRX,LONG,Hồi VWAP — long,0.3403,0.3232845159094776,0.3413362204316225,0.3418273918334895,TP1,1.52,0.03
09:05 30/08/2026,NEAR,SHORT,Hội tụ EMA + VWAP,1.849,1.941455621301775,1.804,1.7890165812832872,TP2,28.39,0.57
07:35 30/08/2026,ADA,SHORT,Hồi VWAP — short,0.2017,0.21178511839928998,0.2006,0.1997,TP1,2.73,0.05
03:05 30/08/2026,TRX,LONG,Hội tụ EMA + VWAP,0.3393,0.3223347448425624,0.34129614913963313,0.34180453447090114,TP1,4.56,0.09
01:35 30/08/2026,TRX,LONG,Breakout + retest lên,0.3389,0.32195486833632697,0.3413035452272972,0.34179440092483204,TP1,6.20,0.12
20:05 29/08/2026,SUI,SHORT,Pullback EMA 9/21 bán,0.7346,0.7713322950337937,0.7282598000000001,0.7187495000000003,Chưa đóng,-16.61,-0.33
19:05 29/08/2026,SUI,SHORT,Hội tụ EMA + VWAP,0.7346,0.7713322950337937,0.7282598000000001,0.7187495000000003,Chưa đóng,-15.79,-0.32
12:35 29/08/2026,UNI,LONG,Hồi VWAP — long,4.432,4.2103982626423795,4.61383956139574,4.648,TP2,44.88,0.90
12:35 29/08/2026,AVAX,LONG,Hội tụ EMA + VWAP,7.309,6.943529639646225,7.382617837308805,7.417822985071619,Chưa đóng,-1.23,-0.02
08:35 29/08/2026,LTC,SHORT,Hồi VWAP — short,49.13,51.58651960302643,48.51653407066183,48.2229353358682,TP1,9.40,0.19
07:35 29/08/2026,LTC,SHORT,Hồi VWAP — short,49.31,51.7756048128606,48.51653407066183,48.233314977088824,TP1,13.12,0.26
07:35 29/08/2026,AVAX,LONG,Hội tụ EMA + VWAP,7.322,6.9558873837592445,7.379076901717175,7.417,Chưa đóng,0.55,0.01
07:35 29/08/2026,SUI,LONG,Pullback EMA 9/21 mua,0.7438,0.7066086878905088,0.7601368920020231,0.7659,Chưa đóng,0.27,0.01